id,name,absolute_magnitude_h,estimated_diameter_km_min,estimated_diameter_km_max,is_potentially_hazardous,close_approach_date,relative_velocity_kph,miss_distance_km,orbiting_body
2462238,462238 (2008 CN1),20.66,0.1961349444,0.4385710684,True,2025-03-20,66079.8670338079,49188925.87487994,Earth
3840738,(2019 FN2),23.7,0.0483676488,0.1081533507,False,2025-03-20,51886.6892112298,55448221.33156316,Earth
54016204,(2020 FM),24.1,0.040230458,0.0899580388,False,2025-03-20,40368.0578565874,44904232.423796424,Earth
54132069,(2021 FM),24.76,0.0296862251,0.0663804174,False,2025-03-20,49329.707888061,12660924.116322009,Earth
54157829,(2021 LR3),24.35,0.0358554334,0.0801751865,False,2025-03-20,21662.5248496921,66177846.041735665,Earth
54520917,(2025 DD8),21.609,0.1266936875,0.2832956975,False,2025-03-20,69082.4313976871,26494792.368145269,Earth
54522261,(2025 EU),25.721,0.0190701881,0.0426422369,False,2025-03-20,22941.6358927676,10855946.198785595,Earth
2138258,138258 (2000 GD2),18.98,0.425162524,0.9506923052,False,2025-03-21,100303.515070699,64256255.851504688,Earth
3786459,(2017 UE),26.9,0.0110803882,0.0247765013,False,2025-03-21,20238.7768281627,37440397.836266888,Earth
3827162,(2018 RR),27.6,0.0080270317,0.0179489885,False,2025-03-21,34077.2943663132,15796534.905520541,Earth
54132114,(2021 FH1),25.28,0.0233644185,0.052244428,False,2025-03-21,49786.4841800461,1495653.743506786,Earth
54356391,(2023 HO4),23.15,0.0623096019,0.1393285055,False,2025-03-21,21194.888783843,31394016.455996717,Earth
54433731,(2024 GT3),24.48,0.0337718597,0.0755161741,False,2025-03-21,30038.4029668898,43203072.765197924,Earth
54522524,(2025 EY),25.223,0.0239858424,0.0536339742,False,2025-03-21,19930.5822887709,14653760.725974309,Earth
3023012,(1999 RA32),21.39,0.1401376972,0.3133574171,False,2025-03-22,22213.3856338709,13740421.448654789,Earth
3457435,(2009 HS2),21.96,0.1077841687,0.2410127282,False,2025-03-22,77881.5335291627,31600094.044388849,Earth
54178992,(2021 PS2),20.0,0.2658,0.5943468684,True,2025-03-22,41351.3518655362,10126125.345539438,Earth
2618350,618350 (2021 PS2),19.99,0.2670268771,0.5970902489,True,2025-03-22,41351.1969236458,10126351.32808186,Earth
54341482,(2023 CJ1),25.51,0.0210162379,0.0469937366,False,2025-03-22,49358.3424577038,47273216.885551421,Earth
54431498,(2024 FE1),26.13,0.0157962856,0.0353215683,False,2025-03-22,18063.1958111947,20476347.686987609,Earth
54481741,(2024 SH1),26.84,0.0113908197,0.0254706471,False,2025-03-22,9109.4721625011,20644386.486422509,Earth
54482414,(2024 SY1),26.01,0.0166937912,0.0373284519,False,2025-03-22,43506.6724422871,62576445.230134953,Earth
54486936,(2024 TA1),24.38,0.0353634784,0.0790751417,False,2025-03-22,49450.4366257051,56222786.518771855,Earth
3092124,(1994 GL),25.5,0.0211132445,0.0472106499,False,2025-03-23,79814.3510173741,52987376.372533598,Earth
3370497,(2007 EE26),26.1,0.0160160338,0.0358129403,False,2025-03-23,69076.2266907865,72221520.493427547,Earth
3562324,(2011 GP44),24.4,0.0350392641,0.0783501764,False,2025-03-23,55128.8550217352,25052654.061236565,Earth
3633049,(2013 FY7),22.51,0.0836671502,0.1870854353,False,2025-03-23,34169.3288387293,73098359.580922998,Earth
3669221,(2014 HL123),22.48,0.0848310762,0.189688053,False,2025-03-23,24927.0083856534,27338983.007054902,Earth
3693145,(2014 TJ33),23.12,0.0631764148,0.1412667581,False,2025-03-23,66323.2958976071,32662928.148695513,Earth
3841620,(2019 HM3),27.0,0.0105816886,0.023661375,False,2025-03-23,47176.4822896001,39363374.813712552,Earth
54132072,(2021 FP),22.84,0.0718712133,0.1607089186,False,2025-03-23,79091.7488689608,26854911.347029798,Earth
54271307,(2022 GS3),24.26,0.0373727432,0.0835679943,False,2025-03-23,45860.5255289029,22884919.993724114,Earth
54292217,(2022 OC3),28.37,0.0056306039,0.0125904131,False,2025-03-23,10744.5574670329,16677411.594647931,Earth
54342225,(2023 DQ),21.79,0.1165614595,0.2606393469,True,2025-03-23,65695.2233491598,47383865.379319286,Earth
54404103,(2023 VO6),28.11,0.0063468024,0.0141918816,False,2025-03-23,28931.8618040085,25024387.648418574,Earth
54431184,(2024 FB),25.79,0.0184737464,0.0413085527,False,2025-03-23,83486.4654757201,70241974.607339657,Earth
54519239,(2025 CT2),22.6,0.0802703167,0.1794898848,False,2025-03-23,43954.5456332132,27236782.948276778,Earth
54520926,(2025 DA15),24.967,0.0269870228,0.0603448176,False,2025-03-23,27903.5513454992,6476659.471337289,Earth
54523641,(2025 EL4),20.766,0.1867905826,0.4176764402,False,2025-03-23,63765.4540284576,12068681.856768359,Earth
3092385,(2001 TC45),19.48,0.3377185972,0.7551617405,True,2025-03-24,82781.80684754,45409849.094259993,Earth
3153530,(2003 HT42),24.8,0.0291443905,0.0651688382,False,2025-03-24,48453.6684422718,39809222.198381411,Earth
3338369,(2006 QS23),20.1,0.2538370294,0.5675968529,False,2025-03-24,64801.9541762269,31072890.461123428,Earth
3714121,(2015 FE36),23.0,0.0667659413,0.1492931834,False,2025-03-24,43141.9837625474,45046064.025093883,Earth
3781913,(2017 ST17),24.82,0.0288771931,0.0645713667,False,2025-03-24,61104.6474026314,41287279.851464335,Earth
54073343,(2020 UC),27.59,0.0080640828,0.0180318372,False,2025-03-24,78526.3915920694,71877560.597747234,Earth
54201815,(2021 TO),24.26,0.0373727432,0.0835679943,False,2025-03-24,32499.3890703251,67106818.326389759,Earth
54298776,(2022 QU7),24.88,0.0280902094,0.0628116177,False,2025-03-24,60809.9416017944,66429638.465312173,Earth
2620059,620059 (2006 QS23),20.15,0.2480589932,0.5546767711,False,2025-03-24,64801.9591092385,31072891.583107453,Earth
54354973,(2023 HW2),25.49,0.0212106988,0.0474285643,False,2025-03-24,86497.1250751253,69139169.298549823,Earth
54392052,(2023 SN11),23.78,0.0466181437,0.1042413384,False,2025-03-24,86663.8168545049,32288129.340264902,Earth
54423318,(2024 BA5),26.02,0.0166170902,0.0371569432,False,2025-03-24,27446.2126107962,37274445.986957636,Earth
54469029,(2024 RD7),22.81,0.0728710415,0.1629446024,False,2025-03-24,97719.3548195224,52544012.611702479,Earth
54522697,(2025 ED2),20.799,0.1839733754,0.4113769735,False,2025-03-24,41476.6386206366,27226079.280517426,Earth
3553062,(2010 XA11),26.1,0.0160160338,0.0358129403,False,2025-03-17,58604.0820539483,26025592.875647706,Earth
3714001,(2015 FN35),23.73,0.0477040198,0.1066694311,False,2025-03-17,71316.5783783796,41798940.081398673,Earth
3831218,(2018 TD2),26.5,0.0133215567,0.0297879063,False,2025-03-17,74534.3360184618,73826392.171150749,Earth
3976545,(2020 AB2),27.0,0.0105816886,0.023661375,False,2025-03-17,24830.0150564839,48738059.706069386,Earth
54248634,(2022 DX3),25.38,0.0223128464,0.0498930414,False,2025-03-17,54330.3234117889,53070093.941666734,Earth
54342587,(2023 EF),26.18,0.0154367182,0.0345175513,False,2025-03-17,15672.8669984607,19128895.317364373,Earth
54505035,(2024 XA8),22.86,0.0712122941,0.1592355304,False,2025-03-17,32021.8579372089,14996847.254329775,Earth
2141078,141078 (2001 XQ30),18.65,0.4949427609,1.1067256584,False,2025-03-18,24099.6885721276,29107287.904348036,Earth
2303450,303450 (2005 BY2),20.49,0.2121069879,0.4742856434,True,2025-03-18,26100.8389437687,25586139.034666481,Earth
3557535,(2011 CK50),24.2,0.0384197891,0.0859092601,False,2025-03-18,42923.8476678463,14658609.23782037,Earth
3781467,(2017 RY15),22.73,0.0756057762,0.1690596552,False,2025-03-18,40124.7304532226,17133773.585288036,Earth
54055085,(2020 TL2),24.5,0.0334622374,0.0748238376,False,2025-03-18,53450.155970591,46406320.147295105,Earth
54062082,(2020 TS4),27.9,0.0069912523,0.0156329154,False,2025-03-18,24591.4193966507,56647272.853502988,Earth
54105264,(2021 AA5),25.8,0.0183888672,0.0411187571,False,2025-03-18,29997.5339703746,69827853.116152113,Earth
54316913,(2022 UR1),24.04,0.0413575665,0.0924783301,False,2025-03-18,62434.8089260628,36971497.793825704,Earth
54340261,(2023 BJ5),28.31,0.0057883526,0.0129431498,False,2025-03-18,18074.5062532993,72476693.90366499,Earth
54381339,(2023 RZ3),25.7,0.0192555078,0.0430566244,False,2025-03-18,67429.1228102381,16189487.265877782,Earth
54430777,(2024 EH4),23.81,0.0459785188,0.1028110936,False,2025-03-18,51435.0060751447,55989458.212300097,Earth
54499613,(2024 VB4),24.51,0.0333084924,0.0744800533,False,2025-03-18,49189.3185621258,51532624.122824364,Earth
54521713,(2025 DU25),27.171,0.0097803631,0.0218695566,False,2025-03-18,19206.6123096324,1114346.410465659,Earth
3732114,(2015 UG51),25.8,0.0183888672,0.0411187571,False,2025-03-19,65244.0999464672,52212414.047859414,Earth
3750669,(2016 GC135),23.49,0.0532788665,0.1191351672,False,2025-03-19,31608.0251701108,29904822.931948224,Earth
3764835,(2016 WM8),24.2,0.0384197891,0.0859092601,False,2025-03-19,30643.0941758536,72927066.579021988,Earth
54296739,(2022 QO2),27.66,0.0078082728,0.0174598287,False,2025-03-19,58827.2640796429,9310511.430309537,Earth
54416960,(2023 XR14),28.34,0.0057089334,0.0127655632,False,2025-03-19,61960.3231048463,34310532.08398954,Earth
54458504,(2024 NV1),25.16,0.0246919266,0.0552128263,False,2025-03-19,32705.2137482043,73932626.061694488,Earth
54490132,(2024 TT9),24.66,0.0310852938,0.0695088301,False,2025-03-19,53365.4631919886,58831928.205367305,Earth
54520803,(2025 DE7),25.282,0.023342909,0.0521963313,False,2025-03-19,15585.1827076389,18207704.784792365,Earth
54522521,(2025 CE13),21.39,0.1401376972,0.3133574171,True,2025-03-19,50929.5948523978,17149732.431743257,Earth
54522918,(2025 EQ2),26.856,0.0113071975,0.0252836622,False,2025-03-19,22229.0787878938,2007799.403569487,Earth
3699902,(2014 UV210),26.9,0.0110803882,0.0247765013,False,2025-03-30,11540.5152244826,30347482.745042271,Earth
3715466,(2015 GK),26.0,0.0167708462,0.0375007522,False,2025-03-30,60327.9737221334,23312095.948559977,Earth
3742881,(2016 CK137),27.3,0.0092162655,0.0206081961,False,2025-03-30,32222.112138095,70026078.446986028,Earth
3761354,(2016 UR5),26.7,0.0121494041,0.0271668934,False,2025-03-30,71307.5053634579,70834158.20956848,Earth
3772842,(2017 FO91),25.1,0.0253837029,0.0567596853,False,2025-03-30,25472.9625972883,16311206.211462665,Earth
3986764,(2020 BM1),25.6,0.0201629919,0.0450858206,False,2025-03-30,67371.891729237,59285471.323343,Earth
54055061,(2020 TR1),27.1,0.0101054342,0.0225964377,False,2025-03-30,23648.5070873966,45082580.521085782,Earth
54087767,(2020 VA4),27.43,0.0086807046,0.0194106455,False,2025-03-30,20288.3273869218,4443922.087879015,Earth
54354663,(2023 HJ1),26.44,0.0136947774,0.0306224531,False,2025-03-30,30154.6699159303,16479710.170514543,Earth
54482430,(2024 SP2),28.99,0.0042320908,0.0094632427,False,2025-03-30,18000.7552624339,26596673.334666683,Earth
54492951,(2024 TV20),23.51,0.0527904029,0.1180429295,False,2025-03-30,39015.0257647882,63022797.552494423,Earth
54497456,(2024 UY17),30.37,0.0022415838,0.0050123337,False,2025-03-30,22613.3098031115,56774129.633214512,Earth
54522534,(2025 EJ1),23.608,0.0504608982,0.1128339986,False,2025-03-30,44934.1536127108,13089022.536503653,Earth
2414800,414800 (2010 SV3),20.72,0.1907897226,0.4266187892,False,2025-03-31,40882.0372843824,23602491.025385321,Earth
3398649,(2007 YN56),23.0,0.0667659413,0.1492931834,False,2025-03-31,33000.2506167009,71833036.067935087,Earth
3667093,(2014 GT34),21.7,0.1214940408,0.2716689341,False,2025-03-31,61277.9923940036,18662502.864339703,Earth
3765641,(2016 XB2),21.54,0.1307841086,0.2924421572,False,2025-03-31,64073.9760097766,28009402.719904632,Earth
3773912,(2017 GL6),23.06,0.0649463841,0.1452245297,False,2025-03-31,56384.764530386,39192210.37622102,Earth
3836294,(2018 WE1),26.1,0.0160160338,0.0358129403,False,2025-03-31,31161.0415504993,60249226.922906321,Earth
54145462,(2021 JL6),24.73,0.0300992017,0.067303861,False,2025-03-31,21786.2469160048,45166227.452026506,Earth
54202995,(2021 TX1),27.3,0.0092162655,0.0206081961,False,2025-03-31,116664.8024157469,72417374.802740471,Earth
54203016,(2021 TZ2),24.75,0.0298232505,0.0666868155,False,2025-03-31,29581.673187857,46373400.358092681,Earth
54431986,(2024 FN3),25.35,0.0226232491,0.0505871228,False,2025-03-31,38409.5097254822,36445222.555102355,Earth
3092385,(2001 TC45),19.48,0.3377185972,0.7551617405,True,2025-03-24,82781.80684754,45409849.094259993,Earth
3153530,(2003 HT42),24.8,0.0291443905,0.0651688382,False,2025-03-24,48453.6684422718,39809222.198381411,Earth
3338369,(2006 QS23),20.1,0.2538370294,0.5675968529,False,2025-03-24,64801.9541762269,31072890.461123428,Earth
3714121,(2015 FE36),23.0,0.0667659413,0.1492931834,False,2025-03-24,43141.9837625474,45046064.025093883,Earth
3781913,(2017 ST17),24.82,0.0288771931,0.0645713667,False,2025-03-24,61104.6474026314,41287279.851464335,Earth
54073343,(2020 UC),27.59,0.0080640828,0.0180318372,False,2025-03-24,78526.3915920694,71877560.597747234,Earth
54201815,(2021 TO),24.26,0.0373727432,0.0835679943,False,2025-03-24,32499.3890703251,67106818.326389759,Earth
54298776,(2022 QU7),24.88,0.0280902094,0.0628116177,False,2025-03-24,60809.9416017944,66429638.465312173,Earth
2620059,620059 (2006 QS23),20.15,0.2480589932,0.5546767711,False,2025-03-24,64801.9591092385,31072891.583107453,Earth
54354973,(2023 HW2),25.49,0.0212106988,0.0474285643,False,2025-03-24,86497.1250751253,69139169.298549823,Earth
54392052,(2023 SN11),23.78,0.0466181437,0.1042413384,False,2025-03-24,86663.8168545049,32288129.340264902,Earth
54423318,(2024 BA5),26.02,0.0166170902,0.0371569432,False,2025-03-24,27446.2126107962,37274445.986957636,Earth
54469029,(2024 RD7),22.81,0.0728710415,0.1629446024,False,2025-03-24,97719.3548195224,52544012.611702479,Earth
54522697,(2025 ED2),20.799,0.1839733754,0.4113769735,False,2025-03-24,41476.6386206366,27226079.280517426,Earth
2152754,152754 (1999 GS6),19.31,0.365220357,0.8166575449,True,2025-03-25,40968.0345566329,18288021.996262203,Earth
2443837,443837 (2000 TJ1),19.7,0.3051792326,0.6824015094,False,2025-03-25,84233.982862021,56617904.053980967,Earth
2519354,519354 (2011 KR12),21.47,0.1350687798,0.3020229733,False,2025-03-25,36384.4663288369,55548235.107229956,Earth
3384070,(2007 RU10),19.1,0.4023045798,0.8995803882,False,2025-03-25,99683.7958426295,49248039.936963837,Earth
3477940,(2009 WW7),28.9,0.004411182,0.0098637028,False,2025-03-25,26170.1299961433,50451719.209172967,Earth
3653322,(2013 UM9),24.57,0.0324007435,0.0724502651,False,2025-03-25,27699.9826266591,66654931.750507935,Earth
3740897,(2016 BC14),20.98,0.1692602495,0.3784774237,True,2025-03-25,67725.385558573,66986103.107713641,Earth
3837686,(2019 AX5),26.0,0.0167708462,0.0375007522,False,2025-03-25,23460.2596460043,53740640.573349372,Earth
3840867,(2019 GM4),23.59,0.0508809225,0.1137732014,False,2025-03-25,67897.3482321473,53340787.353007753,Earth
3844004,(2019 SP2),24.02,0.0417402433,0.0933340215,False,2025-03-25,29496.7445485299,12472641.523681691,Earth
54017226,(2020 JR3),24.0,0.0421264611,0.0941976306,False,2025-03-25,24347.1707933244,57855321.311022912,Earth
54123429,(2021 DO1),25.31,0.0230438467,0.0515276076,False,2025-03-25,55620.9012802406,47232216.971315196,Earth
54245818,(2022 CO3),25.71,0.0191670368,0.0428587972,False,2025-03-25,17538.5425270729,56190406.28420716,Earth
54256792,(2022 ER6),22.91,0.0695913044,0.1556108872,False,2025-03-25,35809.0266826623,14746789.762131018,Earth
54269063,(2022 GU1),24.22,0.0380675544,0.0851216393,False,2025-03-25,84567.746869605,61434621.266339387,Earth
54357980,(2023 JL1),27.29,0.0092588058,0.0207033192,False,2025-03-25,20074.2029905787,36811278.729372083,Earth
54381665,(2023 RF4),25.26,0.0235806068,0.0527278398,False,2025-03-25,45809.9440516408,52796477.253307832,Earth
54416724,(2023 XX12),24.76,0.0296862251,0.0663804174,False,2025-03-25,30220.0282252326,34874273.825018436,Earth
54427465,(2024 DM),24.98,0.0268259417,0.0599846292,False,2025-03-25,40801.310229209,58208201.114340058,Earth
54447953,(2024 LG5),26.62,0.012605352,0.0281864239,False,2025-03-25,28263.1328402918,53788076.532028098,Earth
3692751,(2014 TN17),21.55,0.1301832102,0.2910985075,True,2025-03-26,77281.892889026,5092456.335457734,Earth
3750678,(2016 GM135),22.32,0.0913177026,0.2041925905,False,2025-03-26,87093.6897858584,60229846.339330377,Earth
3843767,(2019 RK),25.26,0.0235806068,0.0527278398,False,2025-03-26,17450.828696339,37238134.066052962,Earth
54016462,(2020 GC1),25.25,0.0236894499,0.0529712204,False,2025-03-26,54897.8661196132,30402116.485557751,Earth
54248972,(2022 ER1),21.83,0.1144339731,0.2558821427,False,2025-03-26,63224.6415646273,70149005.889044132,Earth
54317182,(2022 UG2),27.11,0.0100590039,0.0224926165,False,2025-03-26,32140.8974479395,34770471.887208139,Earth
54520712,(2025 DW5),24.604,0.0318973774,0.0713247041,False,2025-03-26,20288.5883716042,6326744.543611611,Earth
2326388,326388 (2001 QD96),18.39,0.5578982211,1.2474983468,False,2025-03-27,58378.4208122562,35851357.442895158,Earth
3747305,(2016 ED157),24.65,0.031228777,0.0698296682,False,2025-03-27,8998.1768512405,17445279.973366928,Earth
3753305,(2016 JF29),22.7,0.0766575574,0.1714115092,False,2025-03-27,30330.8894663472,63384495.177861914,Earth
3841200,(2019 GN20),26.5,0.0133215567,0.0297879063,False,2025-03-27,75410.9130302726,31416957.304321004,Earth
54135789,(2021 GF5),23.27,0.0589596608,0.1318378096,False,2025-03-27,50362.0027071376,57326661.242895171,Earth
54224433,(2021 WN2),26.72,0.0120380177,0.0269178258,False,2025-03-27,31514.3441631933,36970871.562182097,Earth
54265625,(2022 FK1),26.47,0.013506878,0.0302022973,False,2025-03-27,69396.4640289301,53222611.78257169,Earth
54433568,(2024 GE3),26.08,0.0161642283,0.0361443134,False,2025-03-27,17924.7324347911,24824602.325956086,Earth
54521606,(2025 DV22),23.832,0.045515045,0.1017747347,False,2025-03-27,43988.0572533888,6333734.279690556,Earth
3522631,(2010 KC),24.18,0.038775283,0.0867041687,False,2025-03-28,99689.0869752073,51438746.04395647,Earth
3752012,(2016 GW221),24.76,0.0296862251,0.0663804174,False,2025-03-28,28135.2512158908,11283819.683609907,Earth
54051072,(2020 PP3),25.0,0.02658,0.0594346868,False,2025-03-28,31722.2413501481,72737376.928655598,Earth
54055115,(2020 TL3),26.0,0.0167708462,0.0375007522,False,2025-03-28,46412.0269583148,53680563.17578161,Earth
54376459,(2023 OE5),26.37,0.0141434375,0.0316256878,False,2025-03-28,10856.7173502867,17917418.181382558,Earth
54381341,(2023 RA4),24.68,0.0308003021,0.0688715693,False,2025-03-28,48265.6558070851,57028828.085174492,Earth
54413294,(2023 XW1),27.51,0.008366715,0.0187085435,False,2025-03-28,33738.4921551775,25577834.378189597,Earth
54415298,(2023 XW5),28.69,0.0048590904,0.0108652564,False,2025-03-28,46931.0212231715,44039481.801623341,Earth
54431582,(2024 FN1),26.1,0.0160160338,0.0358129403,False,2025-03-28,44726.294360588,34954912.103436868,Earth
54519691,(2025 CG4),22.555,0.0819511357,0.1832483103,False,2025-03-28,10576.0021968795,26311755.23033927,Earth
54520338,(2025 DU3),22.309,0.0917814631,0.2052295906,False,2025-03-28,48113.3906906846,19598420.170269399,Earth
54051583,(2020 QP6),20.71,0.191670368,0.428587972,False,2025-03-29,36111.0593196922,18198380.603871644,Earth
54137799,(2021 HA),25.58,0.0203495578,0.0455029946,False,2025-03-29,72854.1855633445,70353054.00281227,Earth
54471389,(2024 RW25),25.62,0.0199781365,0.0446724713,False,2025-03-29,27450.5211785669,72467203.773827078,Earth
54487277,(2024 TO2),26.0,0.0167708462,0.0375007522,False,2025-03-29,53423.2026028775,29296720.021981221,Earth
54488499,(2024 TN5),27.97,0.0067694748,0.0151370059,False,2025-03-29,23636.9560498947,34337479.282950723,Earth
54521614,(2025 DY24),23.942,0.04326682,0.0967475506,False,2025-03-29,27962.7814399576,25013951.356932273,Earth
2414800,414800 (2010 SV3),20.72,0.1907897226,0.4266187892,False,2025-03-31,40882.0372843824,23602491.025385321,Earth
3398649,(2007 YN56),23.0,0.0667659413,0.1492931834,False,2025-03-31,33000.2506167009,71833036.067935087,Earth
3667093,(2014 GT34),21.7,0.1214940408,0.2716689341,False,2025-03-31,61277.9923940036,18662502.864339703,Earth
3765641,(2016 XB2),21.54,0.1307841086,0.2924421572,False,2025-03-31,64073.9760097766,28009402.719904632,Earth
3773912,(2017 GL6),23.06,0.0649463841,0.1452245297,False,2025-03-31,56384.764530386,39192210.37622102,Earth
3836294,(2018 WE1),26.1,0.0160160338,0.0358129403,False,2025-03-31,31161.0415504993,60249226.922906321,Earth
54145462,(2021 JL6),24.73,0.0300992017,0.067303861,False,2025-03-31,21786.2469160048,45166227.452026506,Earth
54202995,(2021 TX1),27.3,0.0092162655,0.0206081961,False,2025-03-31,116664.8024157469,72417374.802740471,Earth
54203016,(2021 TZ2),24.75,0.0298232505,0.0666868155,False,2025-03-31,29581.673187857,46373400.358092681,Earth
54431986,(2024 FN3),25.35,0.0226232491,0.0505871228,False,2025-03-31,38409.5097254822,36445222.555102355,Earth
2004034,4034 Vishnu (1986 PA),18.49,0.5327886649,1.1913516723,True,2025-04-01,43128.797652765,23450607.988081923,Earth
3666925,(2014 GJ1),24.2,0.0384197891,0.0859092601,False,2025-04-01,21215.871729128,14171642.963729275,Earth
3746490,(2016 ED86),25.3,0.0231502122,0.0517654482,False,2025-04-01,57421.5398402382,62026612.096752928,Earth
3802018,(2018 FF2),21.6,0.1272198785,0.2844722965,False,2025-04-01,71182.9102001515,46523412.165398971,Earth
54134665,(2021 GN1),26.42,0.0138214936,0.0309057992,False,2025-04-01,50027.2796414192,11080614.494000071,Earth
54266059,(2022 FR3),22.64,0.0788052183,0.1762138252,False,2025-04-01,26770.84281695,2532346.128663708,Earth
54356389,(2023 HM4),27.69,0.0077011393,0.0172202709,False,2025-04-01,26272.2924887202,32074599.219823193,Earth
54419181,(2023 YH2),22.45,0.086011194,0.1923268766,False,2025-04-01,82500.5235684096,73295088.155147989,Earth
54433337,(2024 GM2),23.2,0.0608912622,0.1361570015,False,2025-04-01,65769.4421081294,72840664.384431178,Earth
54517091,(2025 BQ2),23.5,0.0530340723,0.1185877909,False,2025-04-01,40048.6100619337,24071203.382338803,Earth
54520811,(2025 DO7),22.397,0.0881363329,0.1970788316,False,2025-04-01,35563.1666191326,22538196.591551078,Earth
3394072,(2007 VZ137),21.6,0.1272198785,0.2844722965,True,2025-04-02,99470.2539463384,54315588.855377625,Earth
3647019,(2013 RU5),20.49,0.2121069879,0.4742856434,False,2025-04-02,114647.6456500583,58886435.042009664,Earth
3763937,(2016 WH),27.07,0.0102460147,0.0229107855,False,2025-04-02,63965.3321690003,33819619.836961881,Earth
3772839,(2017 FK91),20.92,0.1740022951,0.38908096,False,2025-04-02,118061.7363589633,70449092.020606585,Earth
3841704,(2019 JG1),26.61,0.0126635356,0.0283165265,False,2025-04-02,20754.8118355111,60953428.527563711,Earth
3843838,(2019 RE3),22.85,0.0715409951,0.1599705282,False,2025-04-02,62551.0563777382,41398926.806295941,Earth
3879226,(2019 UJ),26.9,0.0110803882,0.0247765013,False,2025-04-02,48726.6892136863,27311710.32800796,Earth
54049349,(2020 OG3),26.8,0.0116025908,0.0259441818,False,2025-04-02,28129.7990876836,66524804.327524388,Earth
54135787,(2021 GD5),27.2,0.0096506147,0.0215794305,False,2025-04-02,66928.550597118,49099588.345682925,Earth
54209222,(2021 TK13),25.4,0.022108281,0.0494356193,False,2025-04-02,17959.7578462534,20594775.195196539,Earth
54218591,(2021 VC9),27.06,0.0102933082,0.0230165369,False,2025-04-02,24161.2577950297,55975021.598971061,Earth
54265773,(2022 FX1),25.78,0.0185590173,0.0414992243,False,2025-04-02,37772.7032800678,28027793.89308797,Earth
54349272,(2023 FT),24.86,0.0283501249,0.0633928065,False,2025-04-02,35386.4042534919,13746738.847026593,Earth
54495427,(2024 UU2),26.23,0.0150853356,0.0337318359,False,2025-04-02,34845.1097265879,46896431.178050618,Earth
54520718,(2025 DE6),22.589,0.0806779727,0.1804014312,False,2025-04-02,30637.198670829,10196168.698890221,Earth
2299582,299582 (2006 GQ2),18.18,0.6145468212,1.3741684676,False,2025-04-03,104795.2347501442,69055016.008738723,Earth
2474163,474163 (1999 SO5),20.98,0.1692602495,0.3784774237,True,2025-04-03,26905.5324476102,10390268.509423998,Earth
3288779,(2005 QC),18.9,0.4411182,0.9863702813,False,2025-04-03,68867.0761101692,43694050.790409022,Earth
3879292,(2019 UN2),25.08,0.0256185754,0.0572848762,False,2025-04-03,63023.1968475857,59379197.335976039,Earth
54054530,(2020 SM2),28.71,0.004814542,0.0107656431,False,2025-04-03,24669.0759849814,58938723.671355237,Earth
54217965,(2021 VP6),21.57,0.1289896833,0.2884297004,False,2025-04-03,75575.3476293778,69768617.505798841,Earth
54496197,(2024 UD6),27.36,0.0089650967,0.0200465656,False,2025-04-03,14989.5900467018,34385657.321863584,Earth
3667048,(2014 GQ17),27.1,0.0101054342,0.0225964377,False,2025-04-04,49314.5137067728,39063153.93934859,Earth
3989396,(2020 CE),25.0,0.02658,0.0594346868,False,2025-04-04,46936.2482928407,52054702.363385289,Earth
54016353,(2020 FH4),28.4,0.0055533491,0.0124176661,False,2025-04-04,10789.6192532597,4898663.499753197,Earth
54099598,(2020 XT2),24.67,0.0309424699,0.069189466,False,2025-04-04,22204.7770154768,5204389.830049538,Earth
54354397,(2023 GC2),27.29,0.0092588058,0.0207033192,False,2025-04-04,22504.36021665,6612214.888476129,Earth
54354673,(2023 HR1),26.22,0.0151549664,0.033887535,False,2025-04-04,98890.2850362289,63158199.571977365,Earth
54392414,(2023 TH4),27.03,0.0104365024,0.0233367288,False,2025-04-04,61308.0917988894,65695070.063822418,Earth
54434763,(2024 HA),31.77,0.0011763999,0.0026305101,False,2025-04-04,42689.0044953378,59766102.845709371,Earth
54496409,(2024 UL8),26.6,0.0127219879,0.0284472297,False,2025-04-04,52533.949567612,55925146.087987097,Earth
3275978,(2005 GR33),22.14,0.0992098919,0.2218400624,False,2025-04-05,91815.5700356918,60596016.522136832,Earth
3386864,(2007 SQ6),22.2,0.096506147,0.2157943048,False,2025-04-05,23674.8238942297,4191999.214959867,Earth
3601673,(2012 FT35),29.2,0.0038419789,0.008590926,False,2025-04-05,49217.3298199228,44568211.178444253,Earth
3698845,(2014 WU202),26.8,0.0116025908,0.0259441818,False,2025-04-05,21340.9153033737,63275606.134562693,Earth
3699442,(2014 WP362),23.2,0.0608912622,0.1361570015,False,2025-04-05,45774.1784983874,59369123.295731943,Earth
3824993,(2018 KF1),25.8,0.0183888672,0.0411187571,False,2025-04-05,69954.2338109616,55173852.928867295,Earth
54016506,(2020 GM2),23.6,0.0506471459,0.1132504611,False,2025-04-05,89873.9200230059,50762304.957000092,Earth
54016817,(2020 HR8),26.9,0.0110803882,0.0247765013,False,2025-04-05,28331.3530434419,28473593.241880772,Earth
54519245,(2025 BC10),19.35,0.3585543342,0.8017518649,True,2025-04-05,82524.3643507536,3706238.654821611,Earth
3878573,(2019 TC2),27.9,0.0069912523,0.0156329154,False,2025-04-06,87619.852600299,70498067.341367611,Earth
54196856,(2021 RO16),26.54,0.0130784109,0.0292442157,False,2025-04-06,53682.7275790495,37016688.348314878,Earth
54268446,(2022 GO),25.74,0.0189040552,0.0422707525,False,2025-04-06,97799.0703624126,70713371.513030076,Earth
54271303,(2022 GO3),26.85,0.0113384836,0.0253536201,False,2025-04-06,54278.212776615,24558765.115791646,Earth
54353613,(2023 FQ13),22.84,0.0718712133,0.1607089186,False,2025-04-06,60032.1797410147,29256454.648246483,Earth
54483859,(2024 SA4),20.29,0.2325706875,0.5200438667,False,2025-04-06,117321.0394334825,61010500.922797209,Earth
54522923,(2025 DV40),22.485,0.0846359701,0.1892517825,False,2025-04-06,47190.5053840379,6427926.544005024,Earth
2516435,516435 (2004 FJ29),21.38,0.1407845434,0.3148038092,False,2025-04-07,59517.8717313913,39017749.160709576,Earth
3152317,(2003 GQ22),21.48,0.1344481952,0.3006353038,True,2025-04-07,32031.6196354012,7500536.839196614,Earth
3551067,(2010 VD72),21.54,0.1307841086,0.2924421572,True,2025-04-07,44145.9878778508,42217986.947817884,Earth
3728860,(2015 SC17),22.95,0.0683211199,0.1527706684,False,2025-04-07,76941.4519619255,59482628.271068736,Earth
3744157,(2016 CP247),23.6,0.0506471459,0.1132504611,False,2025-04-07,10554.5914654989,72892005.984460716,Earth
3831916,(2018 UQ1),21.95,0.1082816778,0.2421251924,True,2025-04-07,75905.1897090196,47149702.331692715,Earth
54053823,(2020 RF2),25.5,0.0211132445,0.0472106499,False,2025-04-07,98115.5836356646,58761758.770931686,Earth
54132973,(2021 FE3),24.16,0.0391340663,0.0875064325,False,2025-04-07,61127.2727833676,48429455.756025086,Earth
54155286,(2021 LM1),20.45,0.2160503512,0.4831032718,False,2025-04-07,141357.4076713327,36668670.251375927,Earth
54226400,(2021 XA1),26.98,0.0106795998,0.023880311,False,2025-04-07,58990.6402696472,74734305.967559192,Earth
